MODEL,AÇIKLAMA,LİSTE FİYATI
KBS-B-0100-V6,TEK SERPANTİNLİ BOYLER 100 LİTRE - BASIC 6 BAR,405
KBS-B-0160-V6,TEK SERPANTİNLİ BOYLER 160 LİTRE - BASIC 6 BAR,483
KBS-B-0200-V6,TEK SERPANTİNLİ BOYLER 200 LİTRE - BASIC 6 BAR,511
KBS-B-0300-0-V6,TEK SERPANTİNLİ BOYLER 300 LİTRE - BASIC 6 BAR,570
KBS-B-0500-V6,TEK SERPANTİNLİ BOYLER 500 LİTRE - BASIC 6 BAR,792
KBS-B-0800-V5.1,TEK SERPANTİNLİ BOYLER 800 LİTRE - BASIC 10 BAR,1336
KBS-B-1000-V5.1,TEK SERPANTİNLİ BOYLER 1000 LİTRE - BASIC 10 BAR,1377
KBS-B-1500-V5.1,TEK SERPANTİNLİ BOYLER 1500 LİTRE - BASIC 10 BAR,2051
KBS-B-2000-V5.1,TEK SERPANTİNLİ BOYLER 2000 LİTRE - BASIC 10 BAR,2957
KBS-B-2500-V5.1,TEK SERPANTİNLİ BOYLER 2500 LİTRE - BASIC 10 BAR,4298
KBS-B-3000-V5.1,TEK SERPANTİNLİ BOYLER 3000 LİTRE - BASIC 10 BAR,5032
KBD-B-0160-V5,ÇİFT SERPANTİNLİ BOYLER 160 LİTRE - BASIC 6 BAR,543
KBD-B-0200-V5,ÇİFT SERPANTİNLİ BOYLER 200 LİTRE - BASIC 6 BAR,571
KBD-B-0300-0-V5,ÇİFT SERPANTİNLİ BOYLER 300 LİTRE - BASIC 6 BAR,639
KBD-B-0500-V5,ÇİFT SERPANTİNLİ BOYLER 500 LİTRE - BASIC 6 BAR,899
KBD-B-0800-V5.1,ÇİFT SERPANTİNLİ BOYLER 800 LİTRE - BASIC 10 BAR,1540
KBD-B-1000-V5.1,ÇİFT SERPANTİNLİ BOYLER 1000 LİTRE - BASIC 10 BAR,1586
KBD-B-1500-V5.1,ÇİFT SERPANTİNLİ BOYLER 1500 LİTRE - BASIC 10 BAR,2288
KBD-B-2000-V5.1,ÇİFT SERPANTİNLİ BOYLER 2000 LİTRE - BASIC 10 BAR,3214
KBD-B-2500-V5.1,ÇİFT SERPANTİNLİ BOYLER 2500 LİTRE - BASIC 10 BAR,4910
KBD-B-3000-V5.1,ÇİFT SERPANTİNLİ BOYLER 3000 LİTRE - BASIC 10 BAR,6451
KAT-B-0100-V5,AKÜMÜLASYON TANKI 100 LİTRE - BASIC 6 BAR,378
KAT-B-0160-V5,AKÜMÜLASYON TANKI 160 LİTRE - BASIC 6 BAR,454
KAT-B-0200-V5,AKÜMÜLASYON TANKI 200 LİTRE - BASIC 6 BAR,456
KAT-B-0300-0-V5,AKÜMÜLASYON TANKI 300 LİTRE - BASIC 6 BAR,567
KAT-B-0500-V5,AKÜMÜLASYON TANKI 500 LİTRE - BASIC 6 BAR,739
KAT-B-0800-V5.1,AKÜMÜLASYON TANKI 800 LİTRE - BASIC 10 BAR,1059
KAT-B-1000-V5.1,AKÜMÜLASYON TANKI 1000 LİTRE - BASIC 10 BAR,1164
KAT-B-1500-V5.1,AKÜMÜLASYON TANKI 1500 LİTRE - BASIC 10 BAR,1661
KAT-B-2000-V5.1,AKÜMÜLASYON TANKI 2000 LİTRE - BASIC 10 BAR,2225
KAT-B-2500-V5.1,AKÜMÜLASYON TANKI 2500 LİTRE - BASIC 10 BAR,3121
KAT-B-3000-V5.1,AKÜMÜLASYON TANKI 3000 LİTRE - BASIC 10 BAR,3882
KAT-B-4000-V5.1,AKÜMÜLASYON TANKI 4000 LİTRE - BASIC 10 BAR,6111
KAT-B-5000-V5.1,AKÜMÜLASYON TANKI 5000 LİTRE - BASIC 10 BAR,7333
KBS-0100-V6,TEK SERPANTİNLİ BOYLER 100 LİTRE - PRO 10 BAR,435
KBS-0160-V6,TEK SERPANTİNLİ BOYLER 160 LİTRE - PRO 10 BAR,545
KBS-0200-V6,TEK SERPANTİNLİ BOYLER 200 LİTRE - PRO 10 BAR,565
KBS-0300-0-V6,TEK SERPANTİNLİ BOYLER 300 LİTRE - PRO 10 BAR,620
KBS-0500-V5.1,TEK SERPANTİNLİ BOYLER 500 LİTRE - PRO 10 BAR,870
KBS-0800-V5.1,TEK SERPANTİNLİ BOYLER 800 LİTRE - PRO 10 BAR,1809
KBS-1000-V5.1,TEK SERPANTİNLİ BOYLER 1000 LİTRE - PRO 10 BAR,1879
KBS-1500-V5.1,TEK SERPANTİNLİ BOYLER 1500 LİTRE - PRO 10 BAR,2820
KBS-2000-V5.1,TEK SERPANTİNLİ BOYLER 2000 LİTRE - PRO 10 BAR,3764
KBS-2500-V5.1,TEK SERPANTİNLİ BOYLER 2500 LİTRE - PRO 10 BAR,5338
KBS-3000-V5.1,TEK SERPANTİNLİ BOYLER 3000 LİTRE - PRO 10 BAR,6179
KBD-0160-V6,ÇİFT SERPANTİNLİ BOYLER 160 LİTRE - PRO 10 BAR,572
KBD-0200-V6,ÇİFT SERPANTİNLİ BOYLER 200 LİTRE - PRO 10 BAR,598
KBD-0300-0-V6,ÇİFT SERPANTİNLİ BOYLER 300 LİTRE - PRO 10 BAR,697
KBD-0500-V6,ÇİFT SERPANTİNLİ BOYLER 500 LİTRE - PRO 10 BAR,1009
KBD-0800-V5.1,ÇİFT SERPANTİNLİ BOYLER 800 LİTRE - PRO 10 BAR,1966
KBD-1000-V5.1,ÇİFT SERPANTİNLİ BOYLER 1000 LİTRE - PRO 10 BAR,2143
KBD-1500-V5.1,ÇİFT SERPANTİNLİ BOYLER 1500 LİTRE - PRO 10 BAR,3095
KBD-2000-V5.1,ÇİFT SERPANTİNLİ BOYLER 2000 LİTRE - PRO 10 BAR,4113
KBD-2500-V5.1,ÇİFT SERPANTİNLİ BOYLER 2500 LİTRE - PRO 10 BAR,6186
KBD-3000-V5.1,ÇİFT SERPANTİNLİ BOYLER 3000 LİTRE - PRO 10 BAR,7652
KAT-0100-V5,AKÜMÜLASYON TANKI 100 LİTRE - PRO 10 BAR,396
KAT-0160-V5,AKÜMÜLASYON TANKI 160 LİTRE - PRO 10 BAR,472
KAT-0200-V5,AKÜMÜLASYON TANKI 200 LİTRE - PRO 10 BAR,483
KAT-0300-0-V5,AKÜMÜLASYON TANKI 300 LİTRE - PRO 10 BAR,595
KAT-0500-V5,AKÜMÜLASYON TANKI 500 LİTRE - PRO 10 BAR,747
KAT-0800-V5.1,AKÜMÜLASYON TANKI 800 LİTRE - PRO 10 BAR,1452
KAT-1000-V5.1,AKÜMÜLASYON TANKI 1000 LİTRE - PRO 10 BAR,1662
KAT-1500-V5.1,AKÜMÜLASYON TANKI 1500 LİTRE - PRO 10 BAR,2374
KAT-2000-V5.1,AKÜMÜLASYON TANKI 2000 LİTRE - PRO 10 BAR,3225
KAT-2500-V5.1,AKÜMÜLASYON TANKI 2500 LİTRE - PRO 10 BAR,3935
KAT-3000-V5.1,AKÜMÜLASYON TANKI 3000 LİTRE - PRO 10 BAR,4753
KAT-4000-V5.1,AKÜMÜLASYON TANKI 4000 LİTRE - PRO 10 BAR,7476
KAT-5000-V5.1,AKÜMÜLASYON TANKI 5000 LİTRE - PRO 10 BAR,9497
KXS-0160-V5.1,ISI POMPASI BOYLERİ - TEK SERPANTİNLİ / TEK SIRA 160 LİTRE - 10 BAR,544
KXS-0200-V5.1,ISI POMPASI BOYLERİ - TEK SERPANTİNLİ / TEK SIRA 200 LİTRE - 10 BAR,593
KXS-0300-V5.1,ISI POMPASI BOYLERİ - TEK SERPANTİNLİ / TEK SIRA 300 LİTRE - 10 BAR,684
KXS-0500-V5.1,ISI POMPASI BOYLERİ - TEK SERPANTİNLİ / TEK SIRA 500 LİTRE - 10 BAR,945
KXS-0800-V5.1,ISI POMPASI BOYLERİ - TEK SERPANTİNLİ / TEK SIRA 800 LİTRE - 10 BAR,2239
KXS-1000-V5.1,ISI POMPASI BOYLERİ - TEK SERPANTİNLİ / TEK SIRA 1000 LİTRE - 10 BAR,2315
KXS-1500-V5.1,ISI POMPASI BOYLERİ - TEK SERPANTİNLİ / TEK SIRA 1500 LİTRE - 10 BAR,3180
KXS-2000-V5.1,ISI POMPASI BOYLERİ - TEK SERPANTİNLİ / TEK SIRA 2000 LİTRE - 10 BAR,4442
KXD-0160-V5.1,ISI POMPASI BOYLERİ - TEK SERPANTİNLİ / ÇİFT SIRA 160 LİTRE - 10 BAR,655
KXD-0200-V5.1,ISI POMPASI BOYLERİ - TEK SERPANTİNLİ / ÇİFT SIRA 200 LİTRE - 10 BAR,728
KXD-0300-V5.1,ISI POMPASI BOYLERİ - TEK SERPANTİNLİ / ÇİFT SIRA 300 LİTRE - 10 BAR,906
KXD-0500-V5.1,ISI POMPASI BOYLERİ - TEK SERPANTİNLİ / ÇİFT SIRA 500 LİTRE - 10 BAR,1239
KSH-0200-V5.1,SOLAR & ISI POMPASI BOYLER - ÇİFT SERPANTİNLİ 200 LİTRE - 10 BAR,795
KSH-0300-V5.1,SOLAR & ISI POMPASI BOYLER - ÇİFT SERPANTİNLİ 300 LİTRE - 10 BAR,1025
KSH-0500-V5.1,SOLAR & ISI POMPASI BOYLER - ÇİFT SERPANTİNLİ 500 LİTRE - 10 BAR,1379
KSH-0800-V5.1,SOLAR & ISI POMPASI BOYLER - ÇİFT SERPANTİNLİ 800 LİTRE - 10 BAR,2092
KSH-1000-V5.1,SOLAR & ISI POMPASI BOYLER - ÇİFT SERPANTİNLİ 1000 LİTRE - 10 BAR,2330
KEB-0100,ELEKTRİKLİ BOYLER 100 LİTRE,373
KEB-0160,ELEKTRİKLİ BOYLER 160 LİTRE,455
KEB-0200,ELEKTRİKLİ BOYLER 200 LİTRE,492
KEB-0300,ELEKTRİKLİ BOYLER 300 LİTRE,590
KEB-0500,ELEKTRİKLİ BOYLER 500 LİTRE,787
KEB-0800,ELEKTRİKLİ BOYLER 800 LİTRE,1230
KEB-1000,ELEKTRİKLİ BOYLER 1000 LİTRE,1346
KEB-1500,ELEKTRİKLİ BOYLER 1500 LİTRE,1854
KEB-2000,ELEKTRİKLİ BOYLER 2000 LİTRE,2380
KEB-2500,ELEKTRİKLİ BOYLER 2500 LİTRE,3458
KEB-3000,ELEKTRİKLİ BOYLER 3000 LİTRE,4342
KEB-4000,ELEKTRİKLİ BOYLER 4000 LİTRE,6831
KEB-5000,ELEKTRİKLİ BOYLER 5000 LİTRE,8044
1X2KW,1X2KW REZİSTANS MONOFAZE - TAK&ÇALIŞTIR,56
1X3KW,1X3KW REZİSTANS MONOFAZE - TAK&ÇALIŞTIR,67
2X2KW,2X2KW REZİSTANS MONOFAZE - TAK&ÇALIŞTIR,107
2X3KW,2X3KW REZİSTANS MONOFAZE - TAK&ÇALIŞTIR,132
"1x7,5KW","1X7,5KW REZİSTANS TRİFAZE - PANOLU",260
1x10KW,1X10KW REZİSTANS TRİFAZE - PANOLU,280
1x15KW,1X15KW REZİSTANS TRİFAZE - PANOLU,332
"2x7,5KW ","2X7,5KW REZİSTANS TRİFAZE - PANOLU",352
2x10KW,2X10KW REZİSTANS TRİFAZE - PANOLU,389
2x15KW ,2X15KW REZİSTANS TRİFAZE - PANOLU,493
"3x7,5KW ","3X7,5KW REZİSTANS TRİFAZE - PANOLU",531
3x10KW,3X10KW REZİSTANS TRİFAZE - PANOLU,573
3x15KW ,3X15KW REZİSTANS TRİFAZE - PANOLU,719
"4x7,5KW ","4X7,5KW REZİSTANS TRİFAZE - PANOLU",623
4x10KW ,4X10KW REZİSTANS TRİFAZE - PANOLU,703
4x15KW,4X15KW REZİSTANS TRİFAZE - PANOLU,909
KBT-B-0100-V5,BUFFER TANK 100 LİTRE,286
KBT-B-0160-V5,BUFFER TANK 160 LİTRE,332
KBT-B-0200-V5,BUFFER TANK 200 LİTRE,351
KBT-B-0300-V5,BUFFER TANK 300 LİTRE,397
KBT-B-0500-V5,BUFFER TANK 500 LİTRE,525
KBT-B-0800-V5,BUFFER TANK 800 LİTRE,815
KBT-B-1000-V5,BUFFER TANK 1000 LİTRE,884
KBT-B-1500-V5,BUFFER TANK 1500 LİTRE,1306
KBT-B-2000-V5,BUFFER TANK 2000 LİTRE,1850
KBT-B-2500-V5,BUFFER TANK 2500 LİTRE,2688
KBT-B-3000-V5,BUFFER TANK 3000 LİTRE,3226
KBT-B-4000-V5,BUFFER TANK 4000 LİTRE,5713
KBT-B-5000-V5,BUFFER TANK 5000 LİTRE,7297
KBT-CB-0100-V5,BUFFER TANK 100 LİTRE,264
KBT-CB-0300-V5,BUFFER TANK 300 LİTRE,373
KBT-CB-0500-V5,BUFFER TANK 500 LİTRE,491
KBT-CB-0800-V5,BUFFER TANK 800 LİTRE,930
KBT-CB-1000-V5,BUFFER TANK 1000 LİTRE,1010
KBT-CB-1500-V5,BUFFER TANK 1500 LİTRE,1494
KBT-CB-2000-V5,BUFFER TANK 2000 LİTRE,2044
KBT-CB-2500-V5,BUFFER TANK 2500 LİTRE,3061
KBT-CB-3000-V5,BUFFER TANK 3000 LİTRE,3551
KBT-CB-4000-V5,BUFFER TANK 4000 LİTRE,5949
KBT-CB-5000-V5,BUFFER TANK 5000 LİTRE,7689
KBT-C-0100,PERDELİ BUFFER TANK 100 LİTRE,286
KBT-C-0300,PERDELİ BUFFER TANK 300 LİTRE,413
KBT-C-0500,PERDELİ BUFFER TANK 500 LİTRE,600
KBT-C-0800,PERDELİ BUFFER TANK 800 LİTRE,913
KBT-C-1000,PERDELİ BUFFER TANK 1000 LİTRE,1022
KBT-C-1500,PERDELİ BUFFER TANK 1500 LİTRE,1481
KBT-C-2000,PERDELİ BUFFER TANK 2000 LİTRE,2017
KBT-C-2500,PERDELİ BUFFER TANK 2500 LİTRE,2930
KBT-C-3000,PERDELİ BUFFER TANK 3000 LİTRE,3703
KBT-C-4000,PERDELİ BUFFER TANK 4000 LİTRE,6440
KBT-C-5000,PERDELİ BUFFER TANK 5000 LİTRE,8513
KBT-S-0160-V5,BUFFER TANK - TEK SERPANTİNLİ 160 LİTRE,441
KBT-S-0200-V5,BUFFER TANK - TEK SERPANTİNLİ 200 LİTRE,476
KBT-S-0300-V5,BUFFER TANK - TEK SERPANTİNLİ 300 LİTRE,558
KBT-S-0500-V5,BUFFER TANK - TEK SERPANTİNLİ 500 LİTRE,726
KBT-S-0800-V5,BUFFER TANK - TEK SERPANTİNLİ 800 LİTRE,1080
KBT-S-1000-V5,BUFFER TANK - TEK SERPANTİNLİ 1000 LİTRE,1189
KBT-S-1500-V5,BUFFER TANK - TEK SERPANTİNLİ 1500 LİTRE,1682
KBT-S-2000-V5,BUFFER TANK - TEK SERPANTİNLİ 2000 LİTRE,2389
KBT-D-0160-V5,BUFFER TANK - ÇİFT SERPANTİNLİ 160 LİTRE,479
KBT-D-0200-V5,BUFFER TANK - ÇİFT SERPANTİNLİ 200 LİTRE,511
KBT-D-0300-V5,BUFFER TANK - ÇİFT SERPANTİNLİ 300 LİTRE,600
KBT-D-0500-V5,BUFFER TANK - ÇİFT SERPANTİNLİ 500 LİTRE,854
KBT-D-0800-V5,BUFFER TANK - ÇİFT SERPANTİNLİ 800 LİTRE,1258
KBT-D-1000-V5,BUFFER TANK - ÇİFT SERPANTİNLİ 1000 LİTRE,1351
KBT-D-1500-V5,BUFFER TANK - ÇİFT SERPANTİNLİ 1500 LİTRE,1924
KBT-D-2000-V5,BUFFER TANK - ÇİFT SERPANTİNLİ 2000 LİTRE,2770
KCB-S-0500/100-V5,KOMBİ BUFFER TANK - 500/100 LİTRE,1006
KCB-S-0500/160-V5,KOMBİ BUFFER TANK - 500/160 LİTRE,1065
KCB-S-0800/160-V5,KOMBİ BUFFER TANK - 800/160 LİTRE,1373
KCB-S-1000/160-V5,KOMBİ BUFFER TANK - 1000/160 LİTRE,1519
KCB-S-1000/200-V5,KOMBİ BUFFER TANK - 1000/200 LİTRE,1549
KCB-S-1500/200-V5,KOMBİ BUFFER TANK - 1500/200 LİTRE,1994
KCB-S-1500/350-V5,KOMBİ BUFFER TANK - 1500/350 LİTRE,2130
KCB-S-2000/200-V5,KOMBİ BUFFER TANK - 2000/200 LİTRE,2547
KCB-S-2000/350-V5,KOMBİ BUFFER TANK - 2000/350 LİTRE,2673
KGT-0050/10,MEMBRANLI KAPALI GENLEŞME TANKI 50 LİTRE - 10 BAR - AZOT,57
KGT-0100/10,MEMBRANLI KAPALI GENLEŞME TANKI 100 LİTRE - 10 BAR - AZOT,110
KGT-0200/10,MEMBRANLI KAPALI GENLEŞME TANKI 200 LİTRE - 10 BAR - AZOT,197
KGT-0300/10,MEMBRANLI KAPALI GENLEŞME TANKI 300 LİTRE - 10 BAR - AZOT,228
KGT-0500/10,MEMBRANLI KAPALI GENLEŞME TANKI 500 LİTRE - 10 BAR - AZOT,333
KGT-0750/10,MEMBRANLI KAPALI GENLEŞME TANKI 750 LİTRE - 10 BAR - AZOT,477
KGT-1000/10,MEMBRANLI KAPALI GENLEŞME TANKI 1000 LİTRE - 10 BAR - AZOT,701
KGT-1500/10,MEMBRANLI KAPALI GENLEŞME TANKI 1500 LİTRE - 10 BAR - AZOT,1123
KGT-2000/10,MEMBRANLI KAPALI GENLEŞME TANKI 2000 LİTRE - 10 BAR - AZOT,1497
KGT-0050/16,MEMBRANLI KAPALI GENLEŞME TANKI 50 LİTRE - 16 BAR - AZOT,88
KGT-0100/16,MEMBRANLI KAPALI GENLEŞME TANKI 100 LİTRE - 16 BAR - AZOT,142
KGT-0200/16,MEMBRANLI KAPALI GENLEŞME TANKI 200 LİTRE - 16 BAR - AZOT,281
KGT-0300/16,MEMBRANLI KAPALI GENLEŞME TANKI 300 LİTRE - 16 BAR - AZOT,331
KGT-0500/16,MEMBRANLI KAPALI GENLEŞME TANKI 500 LİTRE - 16 BAR - AZOT,444
KGT-0750/16,MEMBRANLI KAPALI GENLEŞME TANKI 750 LİTRE - 16 BAR - AZOT,843
KGT-1000/16,MEMBRANLI KAPALI GENLEŞME TANKI 1000 LİTRE - 16 BAR - AZOT,1096
KGT-1500/16,MEMBRANLI KAPALI GENLEŞME TANKI 1500 LİTRE - 16 BAR - AZOT,1573
KGT-2000/16,MEMBRANLI KAPALI GENLEŞME TANKI 2000 LİTRE - 16 BAR - AZOT,2002
KDT005000004,DENGE TANKI DN50 - FLANŞLI,137
KDT006500004,DENGE TANKI DN65- FLANŞLI,147
KDT008000004,DENGE TANKI DN80 - FLANŞLI,192
KDT010000004,DENGE TANKI DN100 - FLANŞLI,210
KDT012500004,DENGE TANKI DN125 - FLANŞLI,353
KDT015000004,DENGE TANKI DN150 - FLANŞLI,488
KDT020000004,DENGE TANKI DN200 - FLANŞLI,680
KDT025000004,DENGE TANKI DN250 - FLANŞLI,869
KDT030000004,DENGE TANKI DN300 - FLANŞLI,1230
KDT005000002,DENGE TANKI DN50 - KAYNAKLI,92
KDT006500002,DENGE TANKI DN65- KAYNAKLI,97
KDT008000002,DENGE TANKI DN80 - KAYNAKLI,130
KDT010000002,DENGE TANKI DN100 - KAYNAKLI,141
KDT012500002,DENGE TANKI DN125 - KAYNAKLI,267
KDT015000002,DENGE TANKI DN150 - KAYNAKLI,370
KDT020000002,DENGE TANKI DN200 - KAYNAKLI,519
KDT025000002,DENGE TANKI DN250 - KAYNAKLI,553
KDT030000002,DENGE TANKI DN300 - KAYNAKLI,830
KHA005000004,HAVA AYIRICI DN50 - FLANŞLI,123
KHA006500004,HAVA AYIRICI DN65- FLANŞLI,134
KHA008000004,HAVA AYIRICI DN80 - FLANŞLI,160
KHA010000004,HAVA AYIRICI DN100 - FLANŞLI,175
KHA012500004,HAVA AYIRICI DN125 - FLANŞLI,271
KHA015000004,HAVA AYIRICI DN150 - FLANŞLI,295
KHA020000004,HAVA AYIRICI DN200 - FLANŞLI,395
KHA025000004,HAVA AYIRICI DN250 - FLANŞLI,451
KHA030000004,HAVA AYIRICI DN300 - FLANŞLI,623
KHA005000002,HAVA AYIRICI DN50 - KAYNAKLI,101
KHA006500002,HAVA AYIRICI DN65- KAYNAKLI,109
KHA008000002,HAVA AYIRICI DN80 - KAYNAKLI,129
KHA010000002,HAVA AYIRICI DN100 - KAYNAKLI,141
KHA012500002,HAVA AYIRICI DN125 - KAYNAKLI,229
KHA015000002,HAVA AYIRICI DN150 - KAYNAKLI,236
KHA020000002,HAVA AYIRICI DN200 - KAYNAKLI,315
KHA025000002,HAVA AYIRICI DN250 - KAYNAKLI,293
KHA030000002,HAVA AYIRICI DN300 - KAYNAKLI,423
KTT005000004,TORTU TUTUCU DN50 - FLANŞLI,90
KTT006500004,TORTU TUTUCU DN65- FLANŞLI,97
KTT008000004,TORTU TUTUCU DN80 - FLANŞLI,121
KTT010000004,TORTU TUTUCU DN100 - FLANŞLI,134
KTT012500004,TORTU TUTUCU DN125 - FLANŞLI,227
KTT015000004,TORTU TUTUCU DN150 - FLANŞLI,247
KTT020000004,TORTU TUTUCU DN200 - FLANŞLI,329
KTT025000004,TORTU TUTUCU DN250 - FLANŞLI,443
KTT030000004,TORTU TUTUCU DN300 - FLANŞLI,655
KTT005000002,TORTU TUTUCU DN50 - KAYNAKLI,68
KTT006500002,TORTU TUTUCU DN65- KAYNAKLI,72
KTT008000002,TORTU TUTUCU DN80 - KAYNAKLI,90
KTT010000002,TORTU TUTUCU DN100 - KAYNAKLI,99
KTT012500002,TORTU TUTUCU DN125 - KAYNAKLI,184
KTT015000002,TORTU TUTUCU DN150 - KAYNAKLI,188
KTT020000002,TORTU TUTUCU DN200 - KAYNAKLI,249
KTT025000002,TORTU TUTUCU DN250 - KAYNAKLI,285
KTT030000002,TORTU TUTUCU DN300 - KAYNAKLI,455
KPD005000004,PAKET DENGE TANKI DN50 - FLANŞLI,169
KPD006500004,PAKET DENGE TANKI DN65- FLANŞLI,185
KPD008000004,PAKET DENGE TANKI DN80 - FLANŞLI,232
KPD010000004,PAKET DENGE TANKI DN100 - FLANŞLI,252
KPD012500004,PAKET DENGE TANKI DN125 - FLANŞLI,452
KPD015000004,PAKET DENGE TANKI DN150 - FLANŞLI,571
KPD020000004,PAKET DENGE TANKI DN200 - FLANŞLI,807
KPD025000004,PAKET DENGE TANKI DN250 - FLANŞLI,1012
KPD030000004,PAKET DENGE TANKI DN300 - FLANŞLI,1405
KPD005000002,PAKET DENGE TANKI DN50 - KAYNAKLI,125
KPD006500002,PAKET DENGE TANKI DN65- KAYNAKLI,134
KPD008000002,PAKET DENGE TANKI DN80 - KAYNAKLI,170
KPD010000002,PAKET DENGE TANKI DN100 - KAYNAKLI,183
KPD012500002,PAKET DENGE TANKI DN125 - KAYNAKLI,367
KPD015000002,PAKET DENGE TANKI DN150 - KAYNAKLI,453
KPD020000002,PAKET DENGE TANKI DN200 - KAYNAKLI,646
KPD025000002,PAKET DENGE TANKI DN250 - KAYNAKLI,696
KPD030000002,PAKET DENGE TANKI DN300 - KAYNAKLI,1005
KPH005000004,PAKET HAVA AYIRICI DN50 - FLANŞLI,217
KPH006500004,PAKET HAVA AYIRICI DN65- FLANŞLI,232
KPH008000004,PAKET HAVA AYIRICI DN80 - FLANŞLI,225
KPH010000004,PAKET HAVA AYIRICI DN100 - FLANŞLI,244
KPH012500004,PAKET HAVA AYIRICI DN125 - FLANŞLI,382
KPH015000004,PAKET HAVA AYIRICI DN150 - FLANŞLI,398
KPH020000004,PAKET HAVA AYIRICI DN200 - FLANŞLI,523
KPH025000004,PAKET HAVA AYIRICI DN250 - FLANŞLI,659
KPH030000004,PAKET HAVA AYIRICI DN300 - FLANŞLI,691
KPH005000002,PAKET HAVA AYIRICI DN50 - KAYNAKLI,195
KPH006500002,PAKET HAVA AYIRICI DN65- KAYNAKLI,207
KPH008000002,PAKET HAVA AYIRICI DN80 - KAYNAKLI,194
KPH010000002,PAKET HAVA AYIRICI DN100 - KAYNAKLI,209
KPH012500002,PAKET HAVA AYIRICI DN125 - KAYNAKLI,339
KPH015000002,PAKET HAVA AYIRICI DN150 - KAYNAKLI,339
KPH020000002,PAKET HAVA AYIRICI DN200 - KAYNAKLI,443
KPH025000002,PAKET HAVA AYIRICI DN250 - KAYNAKLI,501
KPH030000002,PAKET HAVA AYIRICI DN300 - KAYNAKLI,491
KMPH005000004,MANYETİK PAKET HAVA AYIRICI DN50 - FLANŞLI,374
KMPH006500004,MANYETİK PAKET HAVA AYIRICI DN65- FLANŞLI,399
KMPH008000004,MANYETİK PAKET HAVA AYIRICI DN80 - FLANŞLI,457
KMPH010000004,MANYETİK PAKET HAVA AYIRICI DN100 - FLANŞLI,489
KMPH012500004,MANYETİK PAKET HAVA AYIRICI DN125 - FLANŞLI,639
KMPH015000004,MANYETİK PAKET HAVA AYIRICI DN150 - FLANŞLI,668
KMPH020000004,MANYETİK PAKET HAVA AYIRICI DN200 - FLANŞLI,833
KMPH005000002,MANYETİK PAKET HAVA AYIRICI DN50 - KAYNAKLI,352
KMPH006500002,MANYETİK PAKET HAVA AYIRICI DN65- KAYNAKLI,374
KMPH008000002,MANYETİK PAKET HAVA AYIRICI DN80 - KAYNAKLI,427
KMPH010000002,MANYETİK PAKET HAVA AYIRICI DN100 - KAYNAKLI,454
KMPH012500002,MANYETİK PAKET HAVA AYIRICI DN125 - KAYNAKLI,596
KMPH015000002,MANYETİK PAKET HAVA AYIRICI DN150 - KAYNAKLI,609
KMPH020000002,MANYETİK PAKET HAVA AYIRICI DN200 - KAYNAKLI,752
KMTT005000004,MANYETİK TORTU TUTUCU DN50 - FLANŞLI,331
KMTT006500004,MANYETİK TORTU TUTUCU DN65- FLANŞLI,354
KMTT008000004,MANYETİK TORTU TUTUCU DN80 - FLANŞLI,402
KMTT010000004,MANYETİK TORTU TUTUCU DN100 - FLANŞLI,431
KMTT012500004,MANYETİK TORTU TUTUCU DN125 - FLANŞLI,568
KMTT015000004,MANYETİK TORTU TUTUCU DN150 - FLANŞLI,594
KMTT020000004,MANYETİK TORTU TUTUCU DN200 - FLANŞLI,782
KMTT005000002,MANYETİK TORTU TUTUCU DN50 - KAYNAKLI,309
KMTT006500002,MANYETİK TORTU TUTUCU DN65- KAYNAKLI,328
KMTT008000002,MANYETİK TORTU TUTUCU DN80 - KAYNAKLI,371
KMTT010000002,MANYETİK TORTU TUTUCU DN100 - KAYNAKLI,396
KMTT012500002,MANYETİK TORTU TUTUCU DN125 - KAYNAKLI,525
KMTT015000002,MANYETİK TORTU TUTUCU DN150 - KAYNAKLI,535
KMTT020000002,MANYETİK TORTU TUTUCU DN200 - KAYNAKLI,702
KMF005000002 ,MANYETİK FİLTRE DN50 - 22.000 GAUSS - FLANŞLI,547
KMF006500004,MANYETİK FİLTRE DN65 - 22.000 GAUSS - FLANŞLI,558
KMF008000004,MANYETİK FİLTRE DN80 - 22.000 GAUSS - FLANŞLI,603
KMF010000004,MANYETİK FİLTRE DN100 - 22.000 GAUSS - FLANŞLI,637
KMF012500004,MANYETİK FİLTRE DN125 - 33.000 GAUSS - FLANŞLI,737
KMF015000004,MANYETİK FİLTRE DN150 - 33.000 GAUSS - FLANŞLI,827
KMF020000004,MANYETİK FİLTRE DN200 - 44.000 GAUSS - FLANŞLI,1117
KSTS-0800-S304-10,AISI304 PASLANMAZ TEK SERPANTİNLİ BOYLER 800 LİTRE - 10 BAR,4675
KSTS-1000-S304-10,AISI304 PASLANMAZ TEK SERPANTİNLİ BOYLER 1000 LİTRE - 10 BAR,5409
KSTS-1500-S304-10,AISI304 PASLANMAZ TEK SERPANTİNLİ BOYLER 1500 LİTRE - 10 BAR,7010
KSTS-2000-S304-10,AISI304 PASLANMAZ TEK SERPANTİNLİ BOYLER 2000 LİTRE - 10 BAR,8716
KSTS-2500-S304-10,AISI304 PASLANMAZ TEK SERPANTİNLİ BOYLER 2500 LİTRE - 10 BAR,10442
KSTS-3000-S304-10,AISI304 PASLANMAZ TEK SERPANTİNLİ BOYLER 3000 LİTRE - 10 BAR,12077
KSTS-4000-S304-10,AISI304 PASLANMAZ TEK SERPANTİNLİ BOYLER 4000 LİTRE - 10 BAR,17738
KSTS-5000-S304-10,AISI304 PASLANMAZ TEK SERPANTİNLİ BOYLER 5000 LİTRE - 10 BAR,20119
KSTS-0800-S304-16,AISI304 PASLANMAZ TEK SERPANTİNLİ BOYLER 800 LİTRE - 16 BAR,5354
KSTS-1000-S304-16,AISI304 PASLANMAZ TEK SERPANTİNLİ BOYLER 1000 LİTRE - 16 BAR,6137
KSTS-1500-S304-16,AISI304 PASLANMAZ TEK SERPANTİNLİ BOYLER 1500 LİTRE - 16 BAR,8179
KSTS-2000-S304-16,AISI304 PASLANMAZ TEK SERPANTİNLİ BOYLER 2000 LİTRE - 16 BAR,10290
KSTS-2500-S304-16,AISI304 PASLANMAZ TEK SERPANTİNLİ BOYLER 2500 LİTRE - 16 BAR,13667
KSTS-3000-S304-16,AISI304 PASLANMAZ TEK SERPANTİNLİ BOYLER 3000 LİTRE - 16 BAR,15011
KSTS-4000-S304-16,AISI304 PASLANMAZ TEK SERPANTİNLİ BOYLER 4000 LİTRE - 16 BAR,22379
KSTS-5000-S304-16,AISI304 PASLANMAZ TEK SERPANTİNLİ BOYLER 5000 LİTRE - 16 BAR,25456
KSTD-0800-S304-10,AISI304 PASLANMAZ ÇİFT SERPANTİNLİ BOYLER 800 LİTRE - 10 BAR,5142
KSTD-1000-S304-10,AISI304 PASLANMAZ ÇİFT SERPANTİNLİ BOYLER 1000 LİTRE - 10 BAR,5853
KSTD-1500-S304-10,AISI304 PASLANMAZ ÇİFT SERPANTİNLİ BOYLER 1500 LİTRE - 10 BAR,7478
KSTD-2000-S304-10,AISI304 PASLANMAZ ÇİFT SERPANTİNLİ BOYLER 2000 LİTRE - 10 BAR,9456
KSTD-2500-S304-10,AISI304 PASLANMAZ ÇİFT SERPANTİNLİ BOYLER 2500 LİTRE - 10 BAR,11277
KSTD-3000-S304-10,AISI304 PASLANMAZ ÇİFT SERPANTİNLİ BOYLER 3000 LİTRE - 10 BAR,13164
KSTD-4000-S304-10,AISI304 PASLANMAZ ÇİFT SERPANTİNLİ BOYLER 4000 LİTRE - 10 BAR,18923
KSTD-5000-S304-10,AISI304 PASLANMAZ ÇİFT SERPANTİNLİ BOYLER 5000 LİTRE - 10 BAR,21536
KSTD-0800-S304-16,AISI304 PASLANMAZ ÇİFT SERPANTİNLİ BOYLER 800 LİTRE - 16 BAR,5817
KSTD-1000-S304-16,AISI304 PASLANMAZ ÇİFT SERPANTİNLİ BOYLER 1000 LİTRE - 16 BAR,6572
KSTD-1500-S304-16,AISI304 PASLANMAZ ÇİFT SERPANTİNLİ BOYLER 1500 LİTRE - 16 BAR,8603
KSTD-2000-S304-16,AISI304 PASLANMAZ ÇİFT SERPANTİNLİ BOYLER 2000 LİTRE - 16 BAR,11220
KSTD-2500-S304-16,AISI304 PASLANMAZ ÇİFT SERPANTİNLİ BOYLER 2500 LİTRE - 16 BAR,14422
KSTD-3000-S304-16,AISI304 PASLANMAZ ÇİFT SERPANTİNLİ BOYLER 3000 LİTRE - 16 BAR,16102
KSTD-4000-S304-16,AISI304 PASLANMAZ ÇİFT SERPANTİNLİ BOYLER 4000 LİTRE - 16 BAR,23555
KSTD-5000-S304-16,AISI304 PASLANMAZ ÇİFT SERPANTİNLİ BOYLER 5000 LİTRE - 16 BAR,26791
KSAT-0800-S304-10,AISI304 PASLANMAZ AKÜMÜLASYON TANKI 800 LİTRE - 10 BAR,3785
KSAT-1000-S304-10,AISI304 PASLANMAZ AKÜMÜLASYON TANKI 1000 LİTRE - 10 BAR,4498
KSAT-1500-S304-10,AISI304 PASLANMAZ AKÜMÜLASYON TANKI 1500 LİTRE - 10 BAR,5857
KSAT-2000-S304-10,AISI304 PASLANMAZ AKÜMÜLASYON TANKI 2000 LİTRE - 10 BAR,7268
KSAT-2500-S304-10,AISI304 PASLANMAZ AKÜMÜLASYON TANKI 2500 LİTRE - 10 BAR,8497
KSAT-3000-S304-10,AISI304 PASLANMAZ AKÜMÜLASYON TANKI 3000 LİTRE - 10 BAR,10384
KSAT-4000-S304-10,AISI304 PASLANMAZ AKÜMÜLASYON TANKI 4000 LİTRE - 10 BAR,15560
KSAT-5000-S304-10,AISI304 PASLANMAZ AKÜMÜLASYON TANKI 5000 LİTRE - 10 BAR,17480
KSAT-0800-S304-16,AISI304 PASLANMAZ AKÜMÜLASYON TANKI 800 LİTRE - 16 BAR,4434
KSAT-1000-S304-16,AISI304 PASLANMAZ AKÜMÜLASYON TANKI 1000 LİTRE - 16 BAR,5390
KSAT-1500-S304-16,AISI304 PASLANMAZ AKÜMÜLASYON TANKI 1500 LİTRE - 16 BAR,7388
KSAT-2000-S304-16,AISI304 PASLANMAZ AKÜMÜLASYON TANKI 2000 LİTRE - 16 BAR,9518
KSAT-2500-S304-16,AISI304 PASLANMAZ AKÜMÜLASYON TANKI 2500 LİTRE - 16 BAR,11938
KSAT-3000-S304-16,AISI304 PASLANMAZ AKÜMÜLASYON TANKI 3000 LİTRE - 16 BAR,13530
KSAT-4000-S304-16,AISI304 PASLANMAZ AKÜMÜLASYON TANKI 4000 LİTRE - 16 BAR,19795
KSAT-5000-S304-16,AISI304 PASLANMAZ AKÜMÜLASYON TANKI 5000 LİTRE - 16 BAR,22685
KSTS-0800-S316-10,AISI316 PASLANMAZ TEK SERPANTİNLİ BOYLER 800 LİTRE - 10 BAR,5523
KSTS-1000-S316-10,AISI316 PASLANMAZ TEK SERPANTİNLİ BOYLER 1000 LİTRE - 10 BAR,7455
KSTS-1500-S316-10,AISI316 PASLANMAZ TEK SERPANTİNLİ BOYLER 1500 LİTRE - 10 BAR,9576
KSTS-2000-S316-10,AISI316 PASLANMAZ TEK SERPANTİNLİ BOYLER 2000 LİTRE - 10 BAR,12251
KSTS-2500-S316-10,AISI316 PASLANMAZ TEK SERPANTİNLİ BOYLER 2500 LİTRE - 10 BAR,14426
KSTS-3000-S316-10,AISI316 PASLANMAZ TEK SERPANTİNLİ BOYLER 3000 LİTRE - 10 BAR,16689
KSTS-4000-S316-10,AISI316 PASLANMAZ TEK SERPANTİNLİ BOYLER 4000 LİTRE - 10 BAR,24840
KSTS-5000-S316-10,AISI316 PASLANMAZ TEK SERPANTİNLİ BOYLER 5000 LİTRE - 10 BAR,27694
KSTS-0800-S316-16,AISI316 PASLANMAZ TEK SERPANTİNLİ BOYLER 800 LİTRE - 16 BAR,7279
KSTS-1000-S316-16,AISI316 PASLANMAZ TEK SERPANTİNLİ BOYLER 1000 LİTRE - 16 BAR,8527
KSTS-1500-S316-16,AISI316 PASLANMAZ TEK SERPANTİNLİ BOYLER 1500 LİTRE - 16 BAR,11270
KSTS-2000-S316-16,AISI316 PASLANMAZ TEK SERPANTİNLİ BOYLER 2000 LİTRE - 16 BAR,15365
KSTS-2500-S316-16,AISI316 PASLANMAZ TEK SERPANTİNLİ BOYLER 2500 LİTRE - 16 BAR,19182
KSTS-3000-S316-16,AISI316 PASLANMAZ TEK SERPANTİNLİ BOYLER 3000 LİTRE - 16 BAR,20915
KSTS-4000-S316-16,AISI316 PASLANMAZ TEK SERPANTİNLİ BOYLER 4000 LİTRE - 16 BAR,31854
KSTS-5000-S316-16,AISI316 PASLANMAZ TEK SERPANTİNLİ BOYLER 5000 LİTRE - 16 BAR,35379
KSTD-0800-S316-10,AISI316 PASLANMAZ ÇİFT SERPANTİNLİ BOYLER 800 LİTRE - 10 BAR,7001
KSTD-1000-S316-10,AISI316 PASLANMAZ ÇİFT SERPANTİNLİ BOYLER 1000 LİTRE - 10 BAR,8057
KSTD-1500-S316-10,AISI316 PASLANMAZ ÇİFT SERPANTİNLİ BOYLER 1500 LİTRE - 10 BAR,10237
KSTD-2000-S316-10,AISI316 PASLANMAZ ÇİFT SERPANTİNLİ BOYLER 2000 LİTRE - 10 BAR,12912
KSTD-2500-S316-10,AISI316 PASLANMAZ ÇİFT SERPANTİNLİ BOYLER 2500 LİTRE - 10 BAR,15398
KSTD-3000-S316-10,AISI316 PASLANMAZ ÇİFT SERPANTİNLİ BOYLER 3000 LİTRE - 10 BAR,17954
KSTD-4000-S316-10,AISI316 PASLANMAZ ÇİFT SERPANTİNLİ BOYLER 4000 LİTRE - 10 BAR,26253
KSTD-5000-S316-10,AISI316 PASLANMAZ ÇİFT SERPANTİNLİ BOYLER 5000 LİTRE - 10 BAR,29314
KSTD-0800-S316-16,AISI316 PASLANMAZ ÇİFT SERPANTİNLİ BOYLER 800 LİTRE - 16 BAR,8002
KSTD-1000-S316-16,AISI316 PASLANMAZ ÇİFT SERPANTİNLİ BOYLER 1000 LİTRE - 16 BAR,9071
KSTD-1500-S316-16,AISI316 PASLANMAZ ÇİFT SERPANTİNLİ BOYLER 1500 LİTRE - 16 BAR,11926
KSTD-2000-S316-16,AISI316 PASLANMAZ ÇİFT SERPANTİNLİ BOYLER 2000 LİTRE - 16 BAR,15462
KSTD-2500-S316-16,AISI316 PASLANMAZ ÇİFT SERPANTİNLİ BOYLER 2500 LİTRE - 16 BAR,19924
KSTD-3000-S316-16,AISI316 PASLANMAZ ÇİFT SERPANTİNLİ BOYLER 3000 LİTRE - 16 BAR,22141
KSTD-4000-S316-16,AISI316 PASLANMAZ ÇİFT SERPANTİNLİ BOYLER 4000 LİTRE - 16 BAR,33051
KSTD-5000-S316-16,AISI316 PASLANMAZ ÇİFT SERPANTİNLİ BOYLER 5000 LİTRE - 16 BAR,37122
KSAT-0800-S316-10,AISI316 PASLANMAZ AKÜMÜLASYON TANKI 800 LİTRE - 10 BAR,5095
KSAT-1000-S316-10,AISI316 PASLANMAZ AKÜMÜLASYON TANKI 1000 LİTRE - 10 BAR,6213
KSAT-1500-S316-10,AISI316 PASLANMAZ AKÜMÜLASYON TANKI 1500 LİTRE - 10 BAR,8059
KSAT-2000-S316-10,AISI316 PASLANMAZ AKÜMÜLASYON TANKI 2000 LİTRE - 10 BAR,9231
KSAT-2500-S316-10,AISI316 PASLANMAZ AKÜMÜLASYON TANKI 2500 LİTRE - 10 BAR,11656
KSAT-3000-S316-10,AISI316 PASLANMAZ AKÜMÜLASYON TANKI 3000 LİTRE - 10 BAR,13684
KSAT-4000-S316-10,AISI316 PASLANMAZ AKÜMÜLASYON TANKI 4000 LİTRE - 10 BAR,21345
KSAT-5000-S316-10,AISI316 PASLANMAZ AKÜMÜLASYON TANKI 5000 LİTRE - 10 BAR,23289
KSAT-0800-S316-16,AISI316 PASLANMAZ AKÜMÜLASYON TANKI 800 LİTRE - 16 BAR,6113
KSAT-1000-S316-16,AISI316 PASLANMAZ AKÜMÜLASYON TANKI 1000 LİTRE - 16 BAR,7274
KSAT-1500-S316-16,AISI316 PASLANMAZ AKÜMÜLASYON TANKI 1500 LİTRE - 16 BAR,10112
KSAT-2000-S316-16,AISI316 PASLANMAZ AKÜMÜLASYON TANKI 2000 LİTRE - 16 BAR,13194
KSAT-2500-S316-16,AISI316 PASLANMAZ AKÜMÜLASYON TANKI 2500 LİTRE - 16 BAR,16604
KSAT-3000-S316-16,AISI316 PASLANMAZ AKÜMÜLASYON TANKI 3000 LİTRE - 16 BAR,18215
KSAT-4000-S316-16,AISI316 PASLANMAZ AKÜMÜLASYON TANKI 4000 LİTRE - 16 BAR,28203
KSAT-5000-S316-16,AISI316 PASLANMAZ AKÜMÜLASYON TANKI 5000 LİTRE - 16 BAR,31054
KGT-0002/10,MEMBRANLI KAPALI GENLEŞME TANKI 2 LİTRE - 10 BAR,16
KGT-0005/10,MEMBRANLI KAPALI GENLEŞME TANKI 5 LİTRE - 10 BAR,16
KGT-0008/10,MEMBRANLI KAPALI GENLEŞME TANKI 8 LİTRE - 10 BAR,18
KGT-0012/10,MEMBRANLI KAPALI GENLEŞME TANKI 12 LİTRE - 10 BAR,21
KGT-0019/10,MEMBRANLI KAPALI GENLEŞME TANKI 19 LİTRE - 10 BAR,26
KGT-0024/10,MEMBRANLI KAPALI GENLEŞME TANKI 24 LİTRE - 10 BAR,27
KGT-0035/10,MEMBRANLI KAPALI GENLEŞME TANKI 35 LİTRE - 10 BAR,41
KGT-0050/10,MEMBRANLI KAPALI GENLEŞME TANKI 50 LİTRE - 10 BAR,46
KGT-0060/10,MEMBRANLI KAPALI GENLEŞME TANKI 60 LİTRE - 10 BAR,61
KGT-0080/10,MEMBRANLI KAPALI GENLEŞME TANKI 80 LİTRE - 10 BAR,86
KGT-0100/10,MEMBRANLI KAPALI GENLEŞME TANKI 100 LİTRE - 10 BAR,96
KGT-0150/10,MEMBRANLI KAPALI GENLEŞME TANKI 150 LİTRE - 10 BAR,119
KGT-0200/10,MEMBRANLI KAPALI GENLEŞME TANKI 200 LİTRE - 10 BAR,179
KGT-0300/10,MEMBRANLI KAPALI GENLEŞME TANKI 300 LİTRE - 10 BAR,208
KGT-0500/10,MEMBRANLI KAPALI GENLEŞME TANKI 500 LİTRE - 10 BAR,307
KGT-0750/10,MEMBRANLI KAPALI GENLEŞME TANKI 750 LİTRE - 10 BAR,447
KGT-0900/10,MEMBRANLI KAPALI GENLEŞME TANKI 900 LİTRE - 10 BAR,469
KGT-1000/10,MEMBRANLI KAPALI GENLEŞME TANKI 1000 LİTRE - 10 BAR,666
KGT-1250/10,MEMBRANLI KAPALI GENLEŞME TANKI 1250 LİTRE - 10 BAR,1024
KGT-1500/10,MEMBRANLI KAPALI GENLEŞME TANKI 1500 LİTRE - 10 BAR,1082
KGT-2000/10,MEMBRANLI KAPALI GENLEŞME TANKI 2000 LİTRE - 10 BAR,1450
KGT-2500/10,MEMBRANLI KAPALI GENLEŞME TANKI 2500 LİTRE - 10 BAR,1645
KGT-3000/10,MEMBRANLI KAPALI GENLEŞME TANKI 3000 LİTRE - 10 BAR,2402
KGT-4000/10,MEMBRANLI KAPALI GENLEŞME TANKI 4000 LİTRE - 10 BAR,4019
KGT-5000/10,MEMBRANLI KAPALI GENLEŞME TANKI 5000 LİTRE - 10 BAR,6116
KGT-0008/16,MEMBRANLI KAPALI GENLEŞME TANKI 8 LİTRE - 16 BAR,29
KGT-0012/16,MEMBRANLI KAPALI GENLEŞME TANKI 12 LİTRE - 16 BAR,29
KGT-0024/16,MEMBRANLI KAPALI GENLEŞME TANKI 24 LİTRE - 16 BAR,37
KGT-0035/16,MEMBRANLI KAPALI GENLEŞME TANKI 35 LİTRE - 16 BAR,69
KGT-0050/16,MEMBRANLI KAPALI GENLEŞME TANKI 50 LİTRE - 16 BAR,77
KGT-0060/16,MEMBRANLI KAPALI GENLEŞME TANKI 60 LİTRE - 16 BAR,86
KGT-0080/16,MEMBRANLI KAPALI GENLEŞME TANKI 80 LİTRE - 16 BAR,119
KGT-0100/16,MEMBRANLI KAPALI GENLEŞME TANKI 100 LİTRE - 16 BAR,128
KGT-0150/16,MEMBRANLI KAPALI GENLEŞME TANKI 150 LİTRE - 16 BAR,153
KGT-0200/16,MEMBRANLI KAPALI GENLEŞME TANKI 200 LİTRE - 16 BAR,263
KGT-0300/16,MEMBRANLI KAPALI GENLEŞME TANKI 300 LİTRE - 16 BAR,310
KGT-0500/16,MEMBRANLI KAPALI GENLEŞME TANKI 500 LİTRE - 16 BAR,418
KGT-0750/16,MEMBRANLI KAPALI GENLEŞME TANKI 750 LİTRE - 16 BAR,813
KGT-0900/16,MEMBRANLI KAPALI GENLEŞME TANKI 900 LİTRE - 16 BAR,838
KGT-1000/16,MEMBRANLI KAPALI GENLEŞME TANKI 1000 LİTRE - 16 BAR,1061
KGT-1250/16,MEMBRANLI KAPALI GENLEŞME TANKI 1250 LİTRE - 16 BAR,1422
KGT-1500/16,MEMBRANLI KAPALI GENLEŞME TANKI 1500 LİTRE - 16 BAR,1532
KGT-2000/16,MEMBRANLI KAPALI GENLEŞME TANKI 2000 LİTRE - 16 BAR,1955
KGT-2500/16,MEMBRANLI KAPALI GENLEŞME TANKI 2500 LİTRE - 16 BAR,2117
KGT-3000/16,MEMBRANLI KAPALI GENLEŞME TANKI 3000 LİTRE - 16 BAR,3167
KGT-4000/16,MEMBRANLI KAPALI GENLEŞME TANKI 4000 LİTRE - 16 BAR,4914
KGT-5000/16,MEMBRANLI KAPALI GENLEŞME TANKI 5000 LİTRE - 16 BAR,7863
